idsql	idgroup	selectionpt	sql	selectionen
2667	5	Quantas atividades fechadas temos?	SELECT count(*) FROM log1 WHERE activity="Closed"	How many closed activities do we have?
2668	5	Temos quantas atividades que foram atualizadas pelo recurso 27 e que estão fechadas?	SELECT count(*) FROM log1 WHERE activity="Closed" HAVING resource="Updated by 27"	How many activities do we have that were updated by the resource 27 and that its closed?
2669	29	Mostre a quantidade de eventos que cada "resource" possui	SELECT COUNT(idevent), resource FROM Gerenciamento de problemas - abertos VOLVO GROUP BY resource;	Show the number of events each resource has
2670	29	Mostre a quantidade de eventos que tiveram Peter como "resource"	SELECT COUNT(idevent) FROM Gerenciamento de problemas - abertos VOLVO WHERE resource = "Peter"	Show the amount of events that have had Peter as "resource"
2671	1	Mostre todos os casos que terminaram em março de 2016	SELECT DISTINCT idcase FROM Gerenciamento de incidentes WHERE enddatetime LIKE '2016-03%'	Show all cases that ended in March 2016
2672	1	Mostre os casos que foram abertos, exceto aqueles que foram abertos pelo "resource" 804	SELECT DISTINCT idcase FROM Gerenciamento de incidentes WHERE activity = "New" EXCEPT SELECT idcase FROM Gerenciamento de incidentes WHERE resource = "Updated by 804"	Show cases that have been opened, except those that have been opened by "resource" 804
2673	21	Quantos recursos diferentes existe no log?	SELECT COUNT(DISTINCT resource) AS n_resources FROM volvo	How many different resources are there in the log?
2674	21	Qual é o total de eventos relacionado a cada recurso?	SELECT resource, COUNT(resource) AS n_events_by_resource FROM volvo GROUP BY resource	What is the total of events related to each feature?
2675	7	Quais são os idcase e idevent em que o custo são maiores que um determinado valor?	SELECT ALL idcase, idevent FROM justica WHERE costevent > value;	What are the idcase and idevent where the cost is greater than a certain value?
2676	7	Quais foram os recursos que tiveram mais eventos relacionados?	SELECT resource, COUNT(resource) as n_events FROM justica GROUP BY resource ORDER BY n_events DESC;	What were the resources that had the most events?
2677	26	Quais são os eventos em que o custo de evento não são nulos?	SELECT * FROM volvo WHERE costevent IS NOT NULL;	What are the events where the event cost is not null?
2678	26	Retornar apenas os eventos "In Progress" e "Closed"	SELECT idcase, idevent, startdatetime, activity, resource WHERE activity = "In Progress" UNION SELECT idcase, idevent, startdatetime, activity, resource WHERE activity = "Closed"	Return only "In Progress" and "Closed" events
2679	1	Quais são as atividades com maior frequência?	SELECT activity, COUNT(activity) AS n_activity FROM indicidentes GROUP BY activity ORDER BY n_activity	What are the most frequent activities?
2680	1	Quais são os eventos que aconteceram no ano de 2016?	SELECT * FROM incidentes WHERE endtime BETWEEN '2016-01-01' AND '2017-01-31';	What are the events that took place in the year 2016?
2681	13	Quais são os incidentes com a quantidade de cases entre 1 e 20 eventos de atualização?	SELECT idcase FROM process_mining.gerenciamento_de_incidentes GROUP BY idcase having count(idcase) between 1 and 20;	What are the incidents with the number of cases between 1 and 20 update events?)
2682	13	Qual a quantidade de eventos gerados por sub processo em cada case?	SELECT idcase, count(idcase), substr(activity, 1, 1) FROM process_mining.emprestimo GROUP BY idcase, substr(activity, 1, 1);	How many events are generated per sub-process in each case?
2683	8	Quais são os top 5 recursos com a maior quantidade de cases?(	SELECT resource FROM process_mining.judicial GROUP BY resource ORDER BY count(idevent) desc LIMIT 5;	What are the top 5 resources with the most cases?
2684	8	Quais são os top 5 recursos com a maior quantidade de cases?(	SELECT resource FROM process_mining.judicial GROUP BY resource ORDER BY count(idevent) desc LIMIT 5;	What are the top 5 resources with the most cases?
2685	29	Qual é o tempo médio em dias aguardado para um case mudar do status não assinado para assinado?	select sum(tb.wait_time)/count(idcase) from (SELECT v1.idcase, v1.startdatetime as start_Awaiting, v2.startdatetime as start_Assigment, TIMESTAMPDIFF( DAY, cast(v1.startdatetime as datetime) , cast(v2.startdatetime as datetime) ) as wait_time FROM process_mining.volvo as v1 INNER JOIN process_mining.volvo as v2 WHERE v1.idcase = v2.idcase and v1.idevent != v2.idevent and v2.activity = 'Assigned' and v1.activity = 'Awaiting Assignment') as tb	What is the average time in days for a case to change from unsigned to signed status?
2686	27	How many activities do we have in progress for each resource in the year of 2012?	SELECT resource, count(*) FROM log6 WHERE activity="In Progress" AND startdatetime LIKE '2012%' GROUP BY resource	Quantas atividades em progresso temos para cada recurso no ano de 2012?
2687	29	Quais são 5 cases com o maior tempo de espera em dia para mudar do status de não assinado para assinado e o tempo dispendido?	SELECT idcase ,tb.wait_time FROM (SELECT v1.idcase, v1.startdatetime as start_Awaiting, v2.startdatetime as start_Assigment, TIMESTAMPDIFF( DAY, cast(v1.startdatetime as datetime) , cast(v2.startdatetime as datetime) ) as wait_time FROM process_mining.volvo as v1 INNER JOIN process_mining.volvo as v2 WHERE v1.idcase = v2.idcase and v1.idevent != v2.idevent and v2.activity = 'Assigned' and v1.activity = 'Awaiting Assignment') as tb ORDER BY tb.wait_time ASC LIMIT 5	What are the 5 cases with the longest waiting time in the day to change from unsigned to signed status and the time spent?
2688	27	What activity does the resource have the most?	SELECT resource, count(*) FROM log6 WHERE activity="Awaiting Assignment" GROUP BY resource	Quantas atividades esperando atribuição existem para cada recurso?
2689	31	Quais são os cases que possuem mais de 50 atividades?	SELECT count(activity) FROM process_mining.prefeitura GROUP BY idcase HAVING count(activity) > 50;	Which cases have more than 50 activities?
2690	31	Qual é a maior quantidade de atividades em todo o log?	SELECT max(tb_activity.count_activity) FROM (SELECT count(activity) as count_activity, idcase FROM process_mining.prefeitura GROUP BY idcase) as tb_activity	What is the greatest amount of activity in the entire log?
2691	21	Quais são 5 cases com o maior espera em dias para mudar do status de não assinado para concluído e o tempo total dispendido?	SELECT idcase ,tb.waist_time FROM (SELECT v1.idcase, v1.startdatetime as start_Awaiting, v2.startdatetime as start_Assigment, TIMESTAMPDIFF( DAY, cast(v1.startdatetime as datetime) , cast(v2.startdatetime as datetime) ) as waist_time FROM process_mining.volvo_5 as v1 INNER JOIN process_mining.volvo_5 as v2 WHERE v1.idcase = v2.idcase and v1.idevent != v2.idevent and v2.activity = 'Closed' and v1.activity = 'Awaiting Assignment') as tb ORDER BY tb.waist_time ASC LIMIT 5	What are the 5 cases with the longest wait in days to change from unsigned to completed status and the total time spent?
2692	21	Quais são os cases ordenados na forma decrescente que possuem o tempo para mudar do status de não assinado para concluído entre 400 e 2000 dias?	SELECT tb_2.idcase FROM (SELECT idcase ,tb.waist_time FROM (SELECT v1.idcase, v1.startdatetime as start_Awaiting, v2.startdatetime as start_Assigment, TIMESTAMPDIFF( DAY, cast(v1.startdatetime as datetime) , cast(v2.startdatetime as datetime) ) as waist_time FROM process_mining.volvo_5 as v1 INNER JOIN process_mining.volvo_5 as v2 WHERE v1.idcase = v2.idcase and v1.idevent != v2.idevent and v2.activity = 'Closed' and v1.activity = 'Awaiting Assignment') as tb ORDER BY tb.waist_time DESC) as tb_2 WHERE tb_2.waist_time BETWEEN 400 and 2000 ORDER BY tb_2.waist_time DESC	What are the cases sorted in descending order that have the time to change from unsigned to completed status between 400 and 2000 days?
2693	3	Selecionar todos os casos do recurso solicitado que ainda não fechou.	SELECT T0.idcase FROM incidentes T0 WHERE T0.resource1 LIKE '%908%' AND NOT EXISTS(SELECT '1' FROM Incidentes T1 WHERE T1.idcase = T0.idcase AND T1.activity IN('Closed'));	Select all cases of the requested resource that have not yet closed.
2694	3	Recuperar informações de um determinado caso entre data inicial e data final.	SELECT * FROM incidentes WHERE idcase = 'INC0001287' AND CAST(enddatetime AS date) BETWEEN '2016-03-02' AND '2016-07-13' ORDER BY enddatetime;	Retrieve information for a given case between start date and end date.
2695	18	Recuperar quantos casos cada recurso teve no período entre x data a data y.	SELECT v0.resource1, count(v0.idcase) AS caso FROM volvo AS v0 WHERE CAST(v0.startdatetime AS date) BETWEEN date('2012-05-01') AND date('2012-05-31') GROUP BY v0.resource1 HAVING caso > 0	Retrieve how many cases each resource had in the period between x date and y date.
2696	39	Quais são os 10 cases em ordem decrescente com a maior quantidade de atividades?	SELECT re_1.idcase FROM reembolso as re_1 GROUP BY re_1.idcase ORDER BY count(re_1.idcase) DESC LIMIT 10	What are the 10 cases in descending order with the greatest amount of activities?
2697	39	Qual é o maior valor de custo do evento encontrado no log?	SELECT max(costevent) FROM reembolso	What is the largest event cost value found in the log?
2698	18	Recuperar quantos casos cada recurso teve no período entre x data a data y.	SELECT v0.resource1, count(v0.idcase) AS caso FROM volvo AS v0 WHERE CAST(v0.startdatetime AS date) BETWEEN date('2012-05-01') AND date('2012-05-31') GROUP BY v0.resource1 HAVING caso > 0	Retrieve how many cases each resource had in the period between x date and y date.
2699	30	Selecionar por caso prazo que foi apresentado a solução.	select DataInicial, DataFinal, DataInicial-DataFinal, CONCAT(FLOOR(HOUR(TIMEDIFF(DataInicial, DataFinal)) / 24), ' days ', MOD(HOUR(TIMEDIFF(DataInicial, DataFinal)), 24), ' hours ', MINUTE(TIMEDIFF(DataInicial, DataFinal)), ' minutes') AS TEMPO from ( select min(CAST(T0.startdatetime as datetime)) AS DataInicial, max(CAST(T0.startdatetime as datetime)) AS DataFinal, idcase from volvo AS T0 group by idcase) AS T1	Select by case term that the solution was presented.
2700	30	Selecionar por caso prazo que foi apresentado a solução.	select DataInicial, DataFinal, DataInicial-DataFinal, CONCAT(FLOOR(HOUR(TIMEDIFF(DataInicial, DataFinal)) / 24), ' days ', MOD(HOUR(TIMEDIFF(DataInicial, DataFinal)), 24), ' hours ', MINUTE(TIMEDIFF(DataInicial, DataFinal)), ' minutes') AS TEMPO from ( select min(CAST(T0.startdatetime as datetime)) AS DataInicial, max(CAST(T0.startdatetime as datetime)) AS DataFinal, idcase from volvo AS T0 group by idcase) AS T1	Select by case term that the solution was presented.
2701	39	Seleciona pro caso o tempo de duração em horas.	SELECT idcase, DataInicial, DataFinal, TIMESTAMPDIFF(HOUR, DataInicial, DataFinal) AS Horas FROM (SELECT min(CAST(T0.enddatetime as datetime)) AS DataInicial, max(CAST(T0.enddatetime as datetime)) AS DataFinal, idcase FROM academia AS T0 GROUP BY idcase) AS T1	Select the duration in hours for the case.
2702	39	Seleciona pro caso o tempo de duração em horas.	SELECT idcase, DataInicial, DataFinal, TIMESTAMPDIFF(HOUR, DataInicial, DataFinal) AS Horas FROM (SELECT min(CAST(T0.enddatetime as datetime)) AS DataInicial, max(CAST(T0.enddatetime as datetime)) AS DataFinal, idcase FROM academia AS T0 GROUP BY idcase) AS T1	Select the duration in hours for the case.
2703	34	Recuperar dados por agrupados por Caso e Recurso ordenado por ambos com o tempo de duração na responsabilidade de cada recurso.	SELECT idcase, resource1, DataInicial, DataFinal, FLOOR((TIMESTAMPDIFF(HOUR, DataInicial, DataFinal)/24)) AS Dias FROM (SELECT min(CAST(T0.enddatetime as datetime)) AS DataInicial, max(CAST(T0.enddatetime as datetime)) AS DataFinal, idcase, resource1 FROM prefeitura AS T0 GROUP BY idcase, resource1) AS T1 ORDER BY idcase	Retrieve data by grouped by Case and Resource ordered by both with the duration time in the responsibility of each resource.
2704	34	Retrieves the value released for each case.	SELECT DISTINCT idcase AS Caso, costevent AS Valor FROM prefeitura order by idcase	Retrieves the value released for each case.
2705	16	Selecionado horas que foi gasto por cada caso.	SELECT v3.idcase, TIMESTAMPDIFF(HOUR, DataInicial, DataFinal) AS Horas FROM (SELECT min(CAST(v2.startdatetime as datetime)) AS DataInicial, max(CAST(v2.startdatetime as datetime)) AS DataFinal, v2.idcase FROM volvo AS v2 GROUP BY v2.idcase) AS v3	Selected hours that was spent per case.
2750	15	Busque todas as com a descrição _SUBMITTED-COMPLETE	SELECT * FROM log3_excerpt15 WHERE activity LIKE '%A_S'	Fetch all activities with A_SUBMITTED-COMPLETE description.
2706	3	Contar quantidade de casos distintos que tem o último status dentro o período de março de 2016 e maio de 2016 e não foi resolvido ou fechado	SELECT count(DISTINCT t. idcase) FROM tabela t INNER JOIN ( SELECT idcase , max(enddatetime) as enddatetime FROM tabela GROUP BY 1 )q ON t,idcase = q.idcase AND t,enddatetime = q.enddatetime WHERE 1=1 AND to_date(enddatetime, 'YYYYMMDD') BETWEEN '2016-03-01` AND '2016-05-31' AND activity NOT IN ('Resolved', 'Closed ')	Count number of distinct cases that have the last status within the period of March 2016 and May 2016 and have not been resolved or closed
2707	3	Contar a quantidade de casos distintos por idgroup	SELECT idgroup , count(DISTINCT idcase) FROM tabela GROUP BY 1	Count the number of distinct cases per idgroup
2708	22	Selecionar a mediana de dias entre o começo da primeira tarefa feita e da última tarefa feita	SELECT MEDIAN(qtd_dias) FROM( SELECT idcase , max(to_date(startdatetime, 'YYYYMMDD')) AS max_date , min(to_date(startdatetime, 'YYYYMMDD')) AS min_date , max_date-min_date AS qtd_dias FROM tabela GROUP BY 1 )	Select the median of days between the start of the first task done and the last task done
2709	22	Selecionar os recursos que tiveram pelo menos 100 eventos feitos por ordem decrescente de quantidade de eventos realizados	SELECT resource , count(*) as contagem FROM tabela GROUP BY 1 HAVING contagem >= 100 ORDER BY 1 DESC	Select the resources that had at least 100 events made in descending order of number of events performed
2710	4	selecionar a contagem de eventos sem data de finalização	SELECT count(*) FROM tabela WHERE enddatetime IS NULL	select event count with no end date
2711	4	Ordernar os grupos por quantidade de recursos distintos de forma decrescente	select idgroup , count(DISTINCT resource) as resources from tabela ORDER BY 2 DESC	order the groups by number of different resources in descending order
2712	17	Selecionar todos os cases e eventos ordenados por número do caso e data do início da execução	SELECT idcase , idevent , startdatetime FROM tabela ORDER BY idcase, startdatetime	Select all cases and events sorted by case number and execution start date
2713	21	Total de atividades encerradas por recurso.	SELECT resource,count(idevent) FROM log_numero5 WHERE activity = "Closed" GROUP BY resource	Total activities closed by resource.
2714	21	Total por atividade realizadas pelo recurso Minnie em 2010.	SELECT activity,count(idevent) FROM log_numero5 WHERE resource = "Minnie" AND startdatetime BETWEEN '2010-01-01' AND '2010-12-31' GROUP BY activity	Total by activity performed by the Minnie resource in 2010.
2715	12	Data mais recente da realização de cada atividade.	SELECT activity,max(enddatetime) FROM log_numero3 GROUP BY activity	Most recent date of each activity.
2716	12	Contagem de requisições com informação de custo do evento	SELECT count(idevent) FROM log_numero3 WHERE costevent IS NOT NULL	Counting requests with event cost information
2717	4	Contagem de atividade resolvidas em 2020 e novas em 2021	SELECT activity,count(idevent) FROM log_numero1 WHERE activity = 'Resolved' AND enddatetime BETWEEN '2020-01-01' AND '2020-12-31' GROUP BY activity UNION SELECT activity,count(idevent) FROM log_numero1 WHERE activity = 'New' AND enddatetime > '2020-12-31' GROUP BY activity	Count of activities resolved in 2020 and new in 2021
2718	4	Tabela de atividade, data de término e id do evento ordenado pela data de término	SELECT activity,enddatetime,idevent FROM log_numero1 ORDER BY enddatetime	Activity table, end date and event id sorted by end date
2719	20	Total de atividades em progresso do Joakim	SELECT activity,count(idevent) FROM log_numero4 WHERE resource = 'Joakim' AND activity = 'In Progress' GROUP BY activity	Joakim's total activities in progress
2720	20	Contagem de eventos do recurso Priscila na qual a informação de custo está disponível	SELECT resource,count(idevent) FROM log_numero4 WHERE resource = 'Priscila' AND costevent IS NOT NULL GROUP BY resource	Priscilla resource event count in which cost information is available
2721	15	quantos resources atuam em um case que contém mais de 3 events?	select idcase, count(distinct idevent) as qtn_events, count(distinct resource) as qnt_resources from log3_excerpt15 group by idcase having count(distinct idevent) > 3	how many resources work on a case that contains more than 3 events?
2722	15	quais resources são responsáveis pela atividade de declined?	select DISTINCT resource from log3_excerpt15 where activity in ( select activity from log3_excerpt15 where activity like '%DECLINED%' )	which resources are responsible for the declined activity?
2723	28	quantos casos fechados existem no log de eventos entre os meses 01 e 05 de 2012	select count(*) as closed_cases from log6_excerpt28 where startdatetime between '2012-01-01' and '2012-05-30' and activity = 'Closed'	how many closed cases are there in the event log between the 1st and 5th of 2012
2724	28	quais cases o resource Hineesh trabalhou, menos os cases que ocorrem em janeiro	select * from log6_excerpt28 where resource = 'Hineesh' except select * from log6_excerpt28 where startdatetime between '2012-01-01' and '2012-02-01'	which cases resource Hineesh worked, except the cases that occur in January
2725	29	casos que contém mais de 3 atividades	select idcase, count(idevent) as qtn_events from log6_excerpt29 GROUP BY idcase HAVING COUNT(idevent) > 3	cases containing more than 3 activities
2726	29	tempo total aproximado para cada case	select idcase, max(startdatetime) as max_start_date, min(startdatetime) as min_start_date, max(startdatetime) - min(startdatetime) as total_time from log6_excerpt29 group by idcase	approximate total time for each case
2727	24	consulta que retorna a média do tempo total aproximado para completar um case e o tempo mínimo e tempo máximo de completude.	select avg(total_time) as avg_total_time, min(total_time) as min_total_time, max(total_time) as max_total_time from ( select idcase, max(startdatetime) - min(startdatetime) as total_time from log5_excerpt24 group by idcase ) as f	query that returns the average of the approximate total time to complete a case and the minimum time and maximum time to complete it.
2728	24	consulta que retorna o tempo total aproximado para completar os cases que terminam em CLOSED.	SELECT F.idcase, C.total_time, F.activity FROM ( select idcase, max(startdatetime) - min(startdatetime) as total_time from log5_excerpt24 group by idcase ) AS C INNER JOIN log5_excerpt24 AS F ON C.idcase = F.idcase where activity = 'Closed'	query that returns the approximate total time to complete cases that end in CLOSED.
2729	36	Quais declarações tem eventos depois da viagem ter acabado	SELECT idcase FROM trip_events WHERE activity = 'Start Trip' INTERSECT SELECT idcase FROM trip_events WHERE activity = 'End Trip'	What declaration already have events after the trip has ended
2730	36	Quais declarações tem eventos depois da viagem ter acabado	SELECT idcase FROM trip_events WHERE activity = 'Start Trip' INTERSECT SELECT idcase FROM trip_events WHERE activity = 'End Trip'	What declaration already have events after the trip has ended
2731	20	Contar quantos incidentes estão "Em Progresso"	SELECT idcase, COUNT(idcase) FROM incidents WHERE activity = 'In Progress'	Count how many incidents are In Progress
2732	20	Encontrar os recursos que estão esperando atribuição, com exceção daqueles que já tem incidente em progresso	SELECT resource FROM incident_events WHERE activity = 'Awaiting Assignement' EXCEPT SELECT resource FROM incident_events WHERE activity = 'In Progress'	Find the resources that are Awaiting Assignement, except the ones that already have an incident in progress
2733	30	Em média, quantas vezes um processo passou pela atividade "In Progress"?	SELECT AVG(Count) FROM( SELECT COUNT (*) AS Count FROM log6_excerpt30 WHERE activity = 'In Progress' GROUP BY idcase) as counts	On average, how many times has a process gone through the "In Progress" activity?
2734	30	Quais casos tiveram o mesmo recurso alocado para todas as suas atividades? Quem era o recurso?	SELECT DISTINCT t.idcase,t.resource FROM log6_excerpt30 t WHERE resource = ALL (SELECT resource FROM log6_excerpt30 WHERE idcase = t.idcase);	Which cases had the same resource allocated for all their activities? Who was the resource?
2735	23	Quais casos chegaram na atividade 'Closed' entre 2011 e 2012?	SELECT * FROM log5_excerpt23 WHERE activity = 'Closed' AND startdatetime BETWEEN '2011-01-01 00:00:00' AND '2012-12-31 23:59:59';	Which cases got in the 'Closed' activity between 2011 and 2012?
2736	23	Listar todos os logs de atividades relacionadas a atribuição ("assign" no nome)	SELECT * FROM log5_excerpt23 WHERE activity LIKE '%assign%' OR activity LIKE '%Assign%'	List all assignment ("assign" in the name) related activities in the log
2737	37	Listar os custos mínimos e máximos registrados para cada caso que teve custo máximo válido preenchido para reembolso	SELECT idcase,MIN(costevent),MAX(costevent) FROM log8_excerpt37 GROUP BY idcase HAVING MAX(costevent) > 0	List the minimum and maximum costs recorded for each case that had a valid maximum cost filled in for reimbursement
2738	37	Mostrar quanto tempo levou desde o primeiro evento de um caso até o evento referente ao final da viagem ('End trip') e até possíveis atividades finais de rejeição ('Declaration REJECTED by EMPLOYEE') ou de pagamento entregue ('Payment Handled')	SELECT INI.idcase, FIM.activity, FIM.enddatetime - INI.enddatetime AS elapsedtime FROM log8_excerpt37 INI, log8_excerpt37 FIM WHERE INI.idevent <> FIM.idevent AND INI.idcase = FIM.idcase AND FIM.activity IN ('Declaration REJECTED by EMPLOYEE', 'Payment Handled', 'End trip') AND INI.enddatetime = (SELECT MIN(enddatetime) FROM log8_excerpt37 WHERE idcase = INI.idcase)	Show how long it took from the first event of a case to the event referring to the end of the trip ('End trip') and to possible final rejection activities ('Declaration REJECTED by EMPLOYEE') or payment delivered ('Payment Handled')
2739	34	Há alguma atividade com timestamp inferior a alguma atividade anteriormente no log para o mesmo caso? Se sim, qual atividade e em qual caso ocorreu?	SELECT t.idcase,t.activity FROM log7_excerpt34 t WHERE enddatetime < ANY (SELECT enddatetime FROM log7_excerpt34 WHERE idcase = t.idcase AND idevent < t.idevent);	Are there any activities with timestamp lower than any activity previously in the log for the same case? If yes, what activity and in which case did it take place?
2740	34	Mostrar atividades executadas no primeiro caso do log, mas não no último e mostrar atividades executadas no último caso do log, mas não no primeiro.	(SELECT 'FIRST' AS firstorlast,activity FROM log7_excerpt34 WHERE idcase = (SELECT MIN(idcase) FROM log7_excerpt34) EXCEPT SELECT 'FIRST' AS firstorlast,activity FROM log7_excerpt34 WHERE idcase = (SELECT MAX(idcase) FROM log7_excerpt34)) UNION (SELECT 'LAST' AS firstorlast,activity FROM log7_excerpt34 WHERE idcase = (SELECT MAX(idcase) FROM log7_excerpt34) EXCEPT SELECT 'LAST' AS firstorlast,activity FROM log7_excerpt34 WHERE idcase = (SELECT MIN(idcase) FROM log7_excerpt34)) ORDER BY firstorlast	Show activities performed in the first case in the log, but not performed in the last case, and show activities performed in the last case in the log, but not performed in the first.
2741	27	Há algum registro de atividade 'Closed' no log? Se sim, mostrar dados do evento.	SELECT * FROM log6_excerpt27 WHERE activity IN ('Closed')	Are there any records of 'Closed' activity in the log? If yes, show event data.
2742	27	Quantas vezes no mínimo, no máximo e em média os casos passaram pela atividade 'Awaiting Assignment'?	SELECT MIN(Count),MAX(Count),AVG(Count) FROM( SELECT COUNT ('Awaiting Assignment') AS Count FROM log6_excerpt27 GROUP BY idcase ) as counts	How many times, at least, at most and on average, have the cases gone through the 'Awaiting Assignment' activity?
2743	40	Qual o tempo de duração médio de cada tipo de atividade?	SELECT ACTIVITY, AVG(DURATION) FROM (SELECT LOG1.ACTIVITY, LOG1.ENDDATETIME - LOG2.ENDDATETIME AS DURATION FROM PUBLIC.LOG8_EXCERPT40 LOG1 JOIN PUBLIC.LOG8_EXCERPT40 LOG2 ON LOG1.IDCASE = LOG2.IDCASE AND LOG1.IDEVENT = LOG2.IDEVENT + 1) AS ACTIVITY_DURATIONS GROUP BY ACTIVITY;	What is the average duration of each type of activity?
2744	40	Qual o caso com maior custo?	SELECT DISTINCT IDCASE, COSTEVENT FROM PUBLIC.LOG8_EXCERPT40 WHERE COSTEVENT = (SELECT MAX(COSTEVENT) FROM PUBLIC.LOG8_EXCERPT40);	Which case has the highest cost?
2745	37	Quais atividades existem com status 'Start trip'?	select * from public.log8_excerpt40 where activity like 'Start trip'	What activities exist with 'Start trip' status?
2746	37	Qual total de registros por atividades?	select activity, count(*) from public.log8_excerpt40 group by activity	What total records by activities?
2747	9	Quais as atividades que possuem o 'costevent' nulo ?	select activity from public.log2_excerpt9 where costevent is null	Which activities have the 'costevent' null?
2748	9	Qual o custo de cada registro de atividade ordenado pelo costevent?	select costevent , activity from public.log2_excerpt9 order by costevent;	What is the cost of each activity record ordered by costevent?
2751	15	Há valores nulos na coluna idcase?	SELECT * FROM log3_excerpt15 WHERE idcase IS NULL;	Is there Null values on idcase column?
2752	35	Qual a quantidade de registros que possuem como atividade 'send confirmation receipt'?	select count(*) FROM log7_excerpt35 WHERE activity IN ('send confirmation receipt')	How many records do they have as a 'send confirmation receipt' activity?
2753	40	Qual o maior valor de custo de evento entre todas as atividades apresentadas no log?	SELECT MAX(costevent) AS MaxCost FROM log8_excerpt40;	What is the highest event cost value among all activities presented in the log?
2754	21	Quais são os casos em que tanto Carrie quanto Tomas participam?	SELECT idcase FROM public.log5 WHERE resource = 'Carrie' INTERSECT SELECT idcase FROM public.log5 WHERE resource = 'Tomas';	What are the cases in which both Carrie and Tomas take part?
2755	21	Quantos casos foram fechados por Minnie ou Carrie em 2011?	SELECT count(idcase) FROM public.log5_excerpt21 WHERE activity = 'Closed' AND resource IN ('Minni', 'Carrie');	How many cases were closed by Minnie or Carrie in 2011?
2756	9	Quantas atividades marcadas com 'decisão' temos repetidamente para cada recurso disponível?	SELECT COUNT(*), activity, resource FROM log2_excerpt9 WHERE activity='decisao' Group by activity, resource	How much activities labeled with 'decisão' do we have repeatedly for each resource available?
2757	9	Qual é o total de costevent para o recurso "TVMF77077810579481"?	SELECT SUM(costevent) FROM log2_excerpt9 Where resource='TVMF77077810579481'	What is the total of costevent for "TVMF77077810579481" resource?
2758	38	Qual a média de Custo do Evento para atividades diferentes de "Start trip" e "End trip"?	SELECT AVG(costevent) FROM public.log8_excerpt38 WHERE activity NOT IN ("Start trip", "End trip");	What is the average Event Cost for activities different from "Start trip" and "End trip"?
2759	38	Quais os 5 eventos de maior custo?	SELECT TOP 5 * FROM public.log8_excerpt38 ORDER BY costevent DESC;	What are the 5 highest cost events?
2760	11	Existe registro duplicado na base?	SELECT idcase COUNT(*) FROM idcase GROUP BY idcase HAVING COUNT(*) > 1;	Is there a duplicate record in the database?
2761	11	Quais os registros que ocorrem nas datas "2011-10-01" e "2011-10-02"?	SELECT * FROM public.log8_excerpt38 WHERE enddatetime IN ("2011-10-01", "2011-10-02");	What records occur on the dates "2011-10-01" and "2011-10-02"?
2762	13	Quais os casos que não apresentam recurso?	SELECT idcase FROM public.log8_excerpt38 WHERE resource IS NULL;	Which cases do not have an Resource?
2763	13	Qual a quantidade de casos por atividade finalizados entre ‘2011-12-01’ e ‘2011-12-05’?	SELECT activity, COUNT(idcase) FROM public.log3_excerpt13 GROUP BY activity WHERE enddatetime BETWEEN ‘2011-12-01’ AND ‘2011-12-05’;	How many cases per activity were completed between '2011-12-01' and '2011-12-05'?
2764	18	Quais registros de Recursos que iniciam com a letra "M"?	SELECT * FROM public.log4_excerpt18 WHERE resource LIKE 'M%';	Which Resource records start with the letter "M"?
2765	18	Qual a média de dias decorridos desde o início do processo para cada Recurso? Separar em 5 grupos de acordo com os dias de corridos.	SELECT resource, COUNT(idcase), AVG(DATEDIFF('2022-01-06', startdatetime)) AS MEDIA_DIAS, CASE WHEN AVG(DATEDIFF('2022-01-06', startdatetime)) <= 30 THEN '< 30 dias' WHEN AVG(DATEDIFF('2022-01-06', startdatetime)) > 30 AND DATEDIFF('2022-01-06', startdatetime) <= 90 THEN '31-90 dias' WHEN AVG(DATEDIFF('2022-01-06', startdatetime)) > 90 AND DATEDIFF('2022-01-06', startdatetime) <= 180 THEN '91-180 dias' WHEN AVG(DATEDIFF('2022-01-06', startdatetime)) > 180 AND DATEDIFF('2022-01-06', startdatetime) <= 365 THEN '181-365 dias' ELSE '> 365 dias' END AS PERIODO_DIAS FROM public.log4_excerpt18 GROUP BY resource;	What is the average number of days elapsed since the beginning of the process for each Resource? Divide into 5 groups according to elapsed days.
2766	1	Quais as atividades com mais de 5 registros?	SELECT activity, COUNT(idcase) AS Contador FROM public.log1_excerpt1 GROUP BY activity HAVING COUNT(idcase) > 5;	What activities have more than 5 records?
2767	19	Quantas vezes Siebel, como recurso, foi utilizado ?	from GERENCIAMENTO DE INCIDENTES - VOLVO where resource = "Siebel" count (resource)	How many times Siebel, as resource, was used ?
2768	19	Quantas vezes Siebel, como recurso, foi utilizado ?	from GERENCIAMENTO DE INCIDENTES - VOLVO where resource = "Siebel" count (resource)	How many times Siebel, as resource, was used ?
2769	39	Quantos eventos ocorreram para o case "declaration 56300" ?	select * from AUTORIZAÇÃO OU REEMBOLSO PARA VIAGEM ACADÊMICA where 'declaration 56300' in (idcase) count (idevent)	How many events has the case "declaration 56300"
2770	3	Quais casos ainda estão ativos, ordenados por enddatetime?	SELECT * FROM log_table WHERE activity = "Active" ORDER BY enddatetime ASC;	Which cases are still active, ordered by the enddatetime?
2771	3	Qual o número de incidentes com o estado da atividade que tem enddatetime mais antigo que 08/03/2016, incluindo somente aqueles com mais de 1 evento?	SELECT COUNT(idevent), activity FROM log_table WHERE enddatetime < 2016-03-08T00:00:00.000Z GROUP BY activity HAVING COUNT(idevent) > 1;	What's the number of incidents with their activity state that have enddatetime older than 08/03/2016, including only those with more than 1 event?
2772	13	Quantos casos um recurso tem, agrupados por atividade?	SELECT COUNT(idevent), activity FROM Log_table GROUP BY activity	How many cases a resource has, grouped by activity?
2773	13	Quais os casos onde o recurso é 112, 11002 ou 11179?	SELECT * FROM Log_table WHERE resource IN ('112', '11002', '11179');	What's the cases where the resource is 112, 11002 or 11179?
2774	29	Quantos casos tem o status de atividade "Awaiting Assignment"?	SELECT COUNT(idevent) FROM Log_table WHERE activity = "Awaiting Assignment"	How many cases have the activity status "Awaiting Assignment"?
2775	29	Quantos casos cada recurso tem que iniciaram entre 1/5/2012 e 1/6/2012?	SELECT COUNT(idevent), resource FROM Log_table WHERE startdatetime BETWEEN "2012-05-01T00:00:00.000Z" AND "2012-06-01T00:00:00.000Z" GROUP BY Country;	How many cases each resource has that started between 1/5/2012 and 1/6/2012?
2776	33	Qual o estado de atividade para casos que não estão em resource 560532 e 560458?	SELECT activity, resource FROM Log_table WHERE resource NOT IN ('560532', '560458');	What's the activity state and resource for cases which are not in resource 560532 and 560458?
2777	33	Quantos casos tem um costevent nulo?	SELECT COUNT(idevent) FROM Log_table WHERE costevent IS NULL;	How many cases have a null costevent?
2778	39	Quais viagens foram iniciadas ou terminadas e que ainda não tiveram seus pagamentos solicitados ou efetuados ?	SELECT idcase from AUTORIZAÇÃO OU REEMBOLSO PARA VIAGEM ACADÊMICA WHERE activity IN ('start trip', 'end trip') and activity NOT IN ('request payment", 'payment handled')	Which trips have started or ended and which payments have not yet been requested or paid ?
2779	13	Informe todos os casos nos quais o recurso 112 foi utilizado	select idcase from REQUISIÇÕES DE EMPRÉSTIMO where resource = '112'	Report all cases in which resource 112 was used
2780	13	Relacione os eventos que não foram utilizados ou reportado uso de recursos	SELECT idevent FROM REQUISIÇÕES DE EMPRÉSTIMOS WHERE resource is null	List events that have not been used or reported resource usage
2781	2	Quais casos foram abertos em março de 2016 ?	select idcase from GERENCIAMENTO DE INCIDENTES where activity in ('new', 'active') and enddatetime between (2016-03-01'and 2016-03-31)	What cases were opened in March 2016?
2782	2	Quais incidentes foram atualizados pelo recurso 974 ?	select idcase from GERENCIAMENTO DE INCIDENTES where activity in ('new', 'active') and resource = 'updated by 974'	Which incidents were updated by resource 974?
2783	18	Quais os recursos tem mais de 5 atuações nos incidentes?	SELECT resource, count(activity) as numeroAtividades FROM log4_excerpt18 GROUP BY resource HAVING COUNT(activity) > 5	Which resources have more than 5 actions on incidents?
2784	18	Quais são os tipos de atividades existentes no log?	SELECT activity FROM log4_excerpt18 GROUP BY activity	What types of activities exist in the log?
2785	11	Qual é o menor recurso?	SELECT MIN(resource) AS SmallestResource FROM log3_excerpt11;	Which is the smallest resource?
2786	29	Existem eventos com status 'closed'?	SELECT idcase FROM log6_excerpt29 WHERE activity = ANY (SELECT activity FROM log6_excerpt29 WHERE activity = 'closed');	Are there events with 'closed' status?
2787	29	Qual é a atividade que é mais recorrente no log?	select activity, COUNT(activity) as qtd from log6_excerpt29 group by activity order by count(activity) DESC limit 1	What activity is most recurrent in the log?
2788	26	Quais os recursos que mais atuam na atividade 'In Progress'? Considerando do maior para o menor.	select resource, COUNT(resource) as qtd from log6_excerpt29 where activity = 'In Progress' group by resource order by count(resource) DESC	What resources are most active in the 'In Progress' activity? Considering from the biggest to the smallest.
2789	26	Quanto problemas foram atribuídos à Peter e Marie?	select count(distinct idcase) from log6_excerpt29 where resource in ('Marie', 'Peter') and activity = 'Assigned'	How many problem were Peter and Marie assigned to?
2790	26	Existem atividades no idcase 'X' que não acontece no idcase 'Y'?	select activity from log6_excerpt29 where idcase = '1-147898401' except select activity from log6_excerpt29 where idcase = '1-236817141'	Are there activities in idcase 'X' that do not happen in idcase 'Y'?
2791	28	Quais recursos atuaram na atividade 'closed' mais do que duas vezes?	select resource, count(activity) from log6_excerpt28 where activity = 'Closed' group by idcase, resource, activity having count(activity) >= 2	Which resources acted in the 'closed' activity more than twice?
2792	26	Which problems were in progress between '2012-05-01' and '2012-05-10'	select distinct idcase from log6_excerpt29 where activity = 'In Progress' and startdatetime between '2012-05-01' and '2012-05-02'	Which problems were in progress between '2012-05-01' and '2012-05-10'?
2793	28	Qual a média de tempo para execução de um case?	select AVG(dias) as avgDays from (SELECT DATEDIFF(MAX(startdatetime), MIN(startdatetime)) as dias FROM log6_excerpt28 GROUP BY idcase) a	What is the average time to run a case?
2794	28	Qual a média de tempo para execução de um case?	select AVG(dias) as avgDays from (SELECT DATEDIFF(MAX(startdatetime), MIN(startdatetime)) as dias FROM log6_excerpt28 GROUP BY idcase) a	What is the average time to run a case?
2795	15	Quantos ids de 'resources' existem para cada 'idcase'?	SELECT idcase, count(distinct resource) as num_resources_id FROM public.log3_excerpt15 group by 1;	How many ids of 'resources' are there for each 'idcase'?
2796	21	Quais problemas foram inteiramente tratados por Niklas?	SELECT DISTINCT idcase FROM log5_excerpt21 WHERE resource = 'Niklas' AND idcase <> ALL ( SELECT idcase FROM log5_excerpt21 WHERE resource <> 'Niklas')	Which problems were fully handle by Niklas?
2797	15	Quais 'idcases' estão em 'COMPLETE' para a 'activity' identificada como 'W_Afhandelen'?	with q1 as( select idcase, activity from public.log3_excerpt15 where activity like '%W_Afhandelen%' ) select * from q1 where q1.activity like '%COMPLETE%';	What 'idcases' are in 'COMPLETE' for the 'activity' identified as 'W_Afhandelen'?
2798	21	Quanto tempo demorou para o problema mais longo ser encerrado?	Quanto tempo demorou para o problema mais longo ser encerrado?	How long took to the longest problem being closed?
2799	35	Quais 'idcases' registraram multiplos 'events' em um dia?	SELECT idcase, enddatetime, count(idevent) as n_events FROM public.log7_excerpt35 group by 1,2 HAVING COUNT(3) > 1	Which 'idcases' registered multiple 'events' in one day?
2800	35	Para cada case, existem quantos eventos de custo nulo em cada recurso?	SELECT idcase, resource, COUNT(case when costevent is NULL then 1 end) FROM public.log7_excerpt35 group by 1,2	For each case, how many null-cost events are there in each resource?
2801	10	Quais eventos tem atividade 'remetida'?	SELECT idevent, activity FROM public.log2_excerpt10 where activity like '%Remetido%'	Which events have 'remetido' on description activity?
2802	10	Qual o custo total de todos os eventos finalizados ao dia?	SELECT enddatetime , count(idevent) events, sum(costevent) total_cost FROM public.log2_excerpt10 group by 1 order by 1, 2	What is the total cost of all finished events per day?
2803	10	Qual o custo total de todos os eventos finalizados ao dia?	SELECT enddatetime , count(idevent) events, sum(costevent) total_cost FROM public.log2_excerpt10 group by 1 order by 1, 2	What is the total cost of all finished events per day?
2804	36	Das atividades que necessitam de supervisor ou diretor, quais tem o custo de evento maior que 50?	select * from public.log8_excerpt36 where activity like '%SUPERVISOR%' or activity like '%DIRECTOR%' union select * from public.log8_excerpt36 where costevent >= 50	Which activities require a supervisor or director and have an event cost greater than 50?
2805	24	Qual é a quantidade de casos por evento?	SELECT count ((idevent)), idcase FROM public.log5_excerpt24 where idcase = idcase group by idcase	What is the number of cases per event?
2806	24	Quantas tarefas foram atribuídas por recurso?	SELECT count ((idevent)), resource FROM public.log5_excerpt24 where resource = resource group by resource;	How many tasks were assigned per resource?
2807	15	Quantas são as atividades com status de completo determinando diferentes variantes no processo?	SELECT count ((idcase)), activity FROM public.log3_excerpt15 where activity like '%COMPLETE%' group by activity;	How many activities have complete status determining different variants in the process?
2808	15	Quais são as atividades com status de completo determinando diferentes variantes no processo com ocorrência maior ou igual a 3 eventos no log?	SELECT count ((idcase)), activity FROM public.log3_excerpt15 where activity like '%COMPLETE%' group by activity HAVING COUNT(*) >= 3	What are the activities with complete status determining different process variants with occurrence greater than or equal to 3 events in the log?
2809	40	Qual é o custo médio do evento por caso?	SELECT avg ((costevent)), idcase FROM public.log8_excerpt40 where idcase = idcase group by idcase order by avg ((costevent)) desc	What is the average event cost per case?
2810	40	Qual é o valor médio do custo por recurso utilizado?	SELECT avg ((costevent)), resource FROM public.log8_excerpt40 where resource = resource group by resource order by avg ((costevent)) desc	What is the average cost per resource used?
2811	29	Quais casos foram atribuídos para Alice solucionar e em quantas tarefas que ela está envolvida por caso?	SELECT count ((idcase)), resource, idcase FROM public.log6_excerpt29 where idcase = idcase and resource = 'Alice' group by resource, idcase order by count ((idcase)) desc	Which cases have Alice been assigned to solve and how many tasks is she involved in per case?
2812	29	Quem são os recursos com alocação de tarefas maior ou igual a 10 ordenado pelo maior número de ocorrência?	SELECT count ((idcase)), resource FROM public.log6_excerpt29 where idcase = idcase group by resource HAVING COUNT(*) >= 10 order by count ((idcase)) desc	Who are the resources with task allocation greater than or equal to 10 ordered by the highest number of occurrences?
2813	15	Qual a quantidade de eventos que ocorrem por mês?	with add_month as ( select idevent , idcase , resource , extract(month from enddatetime) as end_month from public.log3_excerpt15 ) select end_month, count(idevent) event_month from add_month group by 1;	How many events take place per month?
2814	15	Quantos subprocessos "W" existem para cada case?	with add_subprocess as ( select *, SUBSTRING(activity, 1, 1) AS subprocess_name from public.log3_excerpt15 ) select idcase, subprocess_name, count(subprocess_name) n_subprocess from add_subprocess where subprocess_name like 'W' group by 1,2;	How many subprocesses "W" are there for each case?
2815	40	Quantas solicitações tiveram permissão com aprovação final do supervisor antes do início da viagem?	SELECT count(DISTINCT *) FROM log8_excerpt39 act1 INNER JOIN log8_excerpt39 act2 ON act1.idcase = act2.idcase WHERE act1.activity = 'Permit FINAL_APPROVED by SUPERVISOR' AND act2.activity = 'Start trip' AND act1.enddatetime < act2.enddatetime	How many requests were allowed with final supervisor approval prior to commencing the trip?
2816	19	Quais eventos foram fechados exceto no dia 10 de maio?	select * from public.log4_excerpt19 where activity like 'Closed' intersect select * from public.log4_excerpt19 where startdatetime != ('2012-05-10')	What events were closed except for the 10th of May?
2817	19	Quantos eventos e atividades foram feitos por cada responsável em resource?	select resource, count(idevent) n_events, count(activity) n_activities from public.log4_excerpt19 group by 1	How many events and activities were carried out by each person responsible in the resource?
2818	40	Qual a média de custo das viagens que tiveram uma fase do processo rejeitada?	SELECT AVG(DISTINCT COSTEVENT) FROM log8_excerpt38 WHERE activity LIKE '%REJECTED%'	What is the average cost of trips that had a process phase rejected?
2819	28	Qual foi tempo aguardando atribuição de cada problema?	SELECT log_s.idcase, MIN(log_e.startdatetime) - log_s.startdatetime as awaitingassingmenttime FROM log6_excerpt28 log_s INNER JOIN log6_excerpt28 log_e ON log_s.idcase = log_e.idcase WHERE log_s.activity = 'Awaiting Assignment' AND log_e.activity <> 'Awaiting Assignment' AND log_e.startdatetime > log_s.startdatetime GROUP BY log_s.idcase, log_s.activity, log_s.startdatetime	What was the time waiting for each issue to be assigned?
2820	28	Qual foi tempo aguardando atribuição de cada problema?	SELECT log_s.idcase, MIN(log_e.startdatetime) - log_s.startdatetime as awaitingassingmenttime FROM log6_excerpt28 log_s INNER JOIN log6_excerpt28 log_e ON log_s.idcase = log_e.idcase WHERE log_s.activity = 'Awaiting Assignment' AND log_e.activity <> 'Awaiting Assignment' AND log_e.startdatetime > log_s.startdatetime GROUP BY log_s.idcase, log_s.activity, log_s.startdatetime	What was the time waiting for each issue to be assigned?
2821	11	Quantas requisições foram enviadas no subprocesso O?	SELECT count(DISTINCT idcase) FROM public.log3_excerpt15 WHERE activity LIKE 'O_SENT%'	How many requests were sent in subprocess O?
2822	22	Retorne o "idcase" e o campo de data em que a atividade foi fechada, ordenada por "resource".	select idcase, startdatetime, resource where activity = "Closed" order by resource asc	Select the "idcase" and the "startdatetime" the activity was closed, ordered by "resource".
2823	22	Quantos eventos foram registrados para cada idcase?	select count (idevent) AS n_eventos group by idcase	How many events were logged for each idcase?
2824	29	Quantos casos foram fechados entre 2012/05/02 e 2012/05/12?	SELECT COUNT(*) FROM gerenciamento_de_incidentes WHERE activity = "Closed" AND startdatetime BETWEEN 2012-05-02T00:00:00.000Z AND 2012-05-12T23:59:59.000Z	How many cases were closed in between 2012/05/02 and 2012/05/12?
2825	29	Qual foi a média de chamados abertos por usuários?	SELECT AVG(chamados) FROM (SELECT COUNT (*) as chamados FROM gerenciamento_de_incidentes GROUP BY resource) chamados	How many tickets were opened on average by users?
2826	33	Em ordem cronológica de finalização, quais casos incluem a atividade 'by law' e quais são o recurso, id de evento e data de finalização correspondentes dessa atividade?	SELECT idevent,idcase,resource,enddatetime FROM log7_excerpt33 WHERE activity LIKE 'by law' ORDER BY enddatetime ASC ;	In chronological order of finish, which cases include the 'by law' activity and what are the resource, event id and end date corresponding to this activity?
2827	29	Qual é o tempo decorrido dos problemas que estão abertos?	select idcase problem_id, last_activity_datetime - first_activity_datetime elapsed_time from ( select distinct idcase , first_value(startdatetime) over(partition by idcase order by idevent range BETWEEN UNBOUNDED PRECEDING AND UNBOUNDED FOLLOWING) first_activity_datetime , last_value(startdatetime) over(partition by idcase order by idevent range BETWEEN UNBOUNDED PRECEDING AND UNBOUNDED FOLLOWING) last_activity_datetime from public.log6_excerpt29 group by startdatetime,idcase,idevent except select case when activity = 'Closed' then idcase end problem_closed , case when activity = 'Closed' then first_value(startdatetime) over(partition by idcase order by idevent range BETWEEN UNBOUNDED PRECEDING AND UNBOUNDED FOLLOWING) end first_activity_datetime , case when activity = 'Closed' then last_value(startdatetime) over(partition by idcase order by idevent range BETWEEN UNBOUNDED PRECEDING AND UNBOUNDED FOLLOWING) end last_activity_datetime from public.log6_excerpt29 group by startdatetime,idcase,idevent ) l6e29	What is the elapsed time of open issues ?
2828	29	Quais são os problemas em aberto que tiveram atuação de mais de um recurso?	select idcase from ( select case when activity = 'Closed' then true else false end problem_closed ,idcase ,resource from public.log6_excerpt29 ) l6e29 group by idcase, problem_closed having problem_closed != true and count(distinct resource) > 1	What are the open issues that had actions of more than one resource?
2829	33	Para cada instância do processo, qual é o número de recursos únicos e seu custo?	SELECT idcase, COUNT(DISTINCT resource) AS unique_resources, AVG(costevent) AS cost FROM log7_excerpt33 GROUP BY idcase ;	For each process instance, what is the number of unique resources and its cost?
2830	10	Quais ações judiciais possuem mais que um movimento processual começando com "Remetido"?	select idcase lawsuits , activity procedural_movement , count(activity) qty from public.log2_excerpt10 group by idcase, activity having count(activity) > 1 and activity like 'Remetido%';	Which lawsuits have more than one procedural movement starting with "Remitted"?
2831	28	Quais são as instâncias de processo que ocorreram (pelo menos em parte) no mês 4, e quantos eventos e recursos únicos (nesse mês) estão associados a tais instâncias de processo?	SELECT idcase, COUNT(idevent) AS num_events, COUNT(DISTINCT resource) AS unique_resources FROM log6_excerpt28 WHERE startdatetime = SOME ( SELECT startdatetime FROM log6_excerpt28 WHERE CAST(startdatetime AS varchar) LIKE '%-04-%' ) GROUP BY idcase ;	Which process instances occurred (at least partially) on month 4, and which events and unique resources (on that month) are associated with such process instances?
2832	10	Qual é o número médio de vezes que um movimento processual aparece em uma ação judicial?	select procedural_movement , avg(qty) lawsuits_movement_avg from ( select activity procedural_movement , count(activity) qty from public.log2_excerpt10 group by idcase, activity ) l2e10 group by procedural_movement order by lawsuits_movement_avg desc;	What is the average number of times a procedural movement appears in a lawsuit?
2833	28	Para cada instância de processo, qual é (em ordem cronológica) a data de início de evento mais posterior?	SELECT idcase,MAX(startdatetime) AS farthest_date FROM log6_excerpt28 GROUP BY idcase ORDER BY MAX(startdatetime) ;	For each process instance, what is (in chronological order) the farthest event start date?
2834	15	Quantos empréstimos foram completados com Afhandelen ?	SELECT COUNT(*) FROM log_table WHERE activity LIKE '%Afhandelen leads-COMPLETE%'	How many loans were completed with Afhandelen ?
2835	9	Quais foram os últimos casos em questão de tempo a chegar na activity "Decisão"?	SELECT DISTINCT idcase FROM gerenciamento_de_incidentes WHERE enddatetime = ALL ( SELECT enddatetime FROM gerenciamento_de_incidentes WHERE activity = "Decisão" )	Which cases were the last ones in the matter of time to reach the activity "Decisão"?
2836	9	Qual a última activity mais frequente além de "Decisão"?	WITH dates AS ( SELECT idcase, MAX(enddatetime) as last_datetime FROM gerenciamento_de_incidentes WHERE activity NOT LIKE "Decisão" ) SELECT activity, COUNT(distinct idcase) FROM gerenciamento_de_incidentes as t1 JOIN dates as t2 ON t1.idcase = t2.idcase AND t1.enddatetime = t2.last_datetime GROUP BY 1 ORDER BY 2 DESC LIMIT 1	What is the most frequent last activity besides "Decisão"?
2837	26	Qual recurso mais atualiza casos como "Closed"?	SELECT resource, COUNT(DISTINCT idcase) FROM GERENCIAMENTO_DE_PROBLEMAS_ABERTOS_VOLVO WHERE activity = "Closed" GROUP BY 1 ORDER BY 2 DESC LIMIT 1	Which resource updates the most cases as "Closed"?
2838	26	Quantos cases estão em progresso até hoje?	SELECT COUNT(DISTINCT idcase) cases FROM GERENCIAMENTO_DE_PROBLEMAS_ABERTOS_VOLVO WHERE activity = "In Progress"	How many cases are still in progress?
2839	13	Qual foi a data de finalização da atividade que finalizou por último em cada ciclo de vida?	select max(enddatetime), 'COMPLETE' from log3_excerpt13 where activity like '%COMPLETE' union select max(enddatetime), 'SCHEDULE' from log3_excerpt13 where activity like '%SCHEDULE' union select max(enddatetime), 'START' from log3_excerpt13 where activity like '%START';	What was the end date of the activity that ended last in each lifecycle?
2840	25	Quantos chamados estão sendo submetidos por usuário em média?	SELECT AVG(resAVG) FROM (SELECT COUNT(*) AS resAVG FROM log5_excerpt21 GROUP BY resource) a	How many tickets are users submitting on average?
2841	25	Quantos chamados cada usuário submeteu?	SELECT COUNT(*), resource FROM log5_excerpt25 GROUP BY resource	How many tickets did each user submit?
2842	15	Quais requisições foram aceitas?	SELECT * FROM log3_excerpt15 WHERE activity LIKE '%ACCEPTED%'	Which requisitions were accepted?
2843	15	Quantos casos foram rejeitados por dia?	SELECT COUNT(*), enddatetime FROM log3_excerpt15 WHERE activity LIKE '%DECLINED%' GROUP BY enddatetime	How many cases were declined per day?
2844	10	Quais os 5 processos com mais ações e quanto tempo demorou entre a primeira e ultima ação para cada processo	SELECT idcase, MAX(enddatetime) - MIN(enddatetime), COUNT(idevent) FROM log_excerpt GROUP BY idcase HAVING COUNT(idevent) > 20 ORDER BY COUNT(idevent) ASC LIMIT 5;	What are the top 5 processes with the most actions and how long did it take between the first and last actions for each process
2845	10	Quais os dez processos mais recentes que não tiveram a decisão executada	(SELECT idcase FROM log_excerpt group by idcase order by MAX(enddatetime) desc ) except (select idcase FROM log_excerpt WHERE activity = 'Decisão') limit 10	what are the ten most recent cases that did not have a decision
2846	37	Quais as viagens iniciadas nos últimos 5 dias	select idcase FROM public.log8_excerpt37 where activity = 'Start trip' and current_timestamp - enddatetime < '5 days' group by idcase order by max(enddatetime) desc	What trips started in the last 5 days
2847	37	Quais as viagens iniciadas nos últimos 5 dias	select idcase FROM public.log8_excerpt37 where activity = 'Start trip' and current_timestamp - enddatetime < '5 days' group by idcase order by max(enddatetime) desc	What trips started in the last 5 days
2848	34	Quais processos tiveram 10 eventos ou menos	select idcase FROM public.log_excerpt group by idcase having count(idevent) < 11 order by max(enddatetime) desc	Which processes had 10 events or less
2849	36	Qual a média de valores de reembolso para viagens realizadas antes de 2018?	SELECT AVG(costevent) FROM log8_excerpt36 WHERE enddatetime < '2018-01-01' AND activity = 'Payment Handled'	What is the average reimbursement value for trips before 2018?
2850	36	Quantas atividades relacionadas à autorização de viagem foram realizadas por cada declaração?	SELECT log8_excerpt36.idcase, COUNT(*) FROM log8_excerpt36 WHERE activity LIKE 'Permit%' GROUP by idcase	How many activities related to trip permits were made by each different declaration
2851	17	Quantos incidentes em andamento estão atribuídos a cada funcionário?	SELECT log4_excerpt17.resource, COUNT(*) FROM log4_excerpt17 WHERE activity = 'In Progress' GROUP BY resource	How many in progress incidents are assigned to each employee?
2852	17	Quantos incidentes estão relacionados a cada "status" diferente?	SELECT log4_excerpt17.activity, COUNT(*) FROM log4_excerpt17 GROUP BY activity	How many incidents are in each different status?
2853	40	Quais são atividades cujo costevent é não nulo?	select activity from log8_excerpt40 where costevent is not null	What are activities whose costevent is not null?
2854	13	Quais são os eventos do subprocesso W que aconteceram depois de todos os eventos do subprocesso O?	select * from log3_excerpt13 le where le.activity like 'W_%' and le.enddatetime > all (select le2.enddatetime from log3_excerpt13 le2 where le2.activity like 'O_%')	What are the events of subprocess W that happened after all the events of subprocess O?
2855	24	Há quantas atividades por tipo para cada recurso?	select resource, activity, count(*) from log5_excerpt24 le group by resource, activity	How many activities per type for each resource?
2856	6	Em ordem alfabética qual foi a data da primeira e da última execução de cada atividade?	Select T1.activity, T2.min AS firstExecution, T1.max AS lastExecution FROM (SELECT activity, MAX(enddatetime) FROM log2_excerpt6 GROUP BY activity) AS T1 Join(SELECT activity, MIN(enddatetime) FROM log2_excerpt6 GROUP BY activity) AS T2 ON T1.activity = T2. activity ORDER BY T1.activity	In alphabetical order what was the date of the first and last execution of each activity?
2857	6	Quais atividades foram realizadas no primeiro semestre de 2020?	select activity, enddatetime from log2_excerpt6 where enddatetime between '2020-01-01' and '2020-03-31'	What activities were carried out in the first half of 2020?
2858	15	Que recurso está sendo usado em cada caso de requisição empréstimo ?	SELECT idcase, resource FROM log3_excerpt15 WHERE resource = '112' ORDER BY idcase	Which loan requirement cases are using resource 112?
2859	24	Quantas atividades ocorreram antes de uma atividade ser fechada?	select T1.idcase, count(*) as countactivity from log5_excerpt24 AS T1 inner join log5_excerpt24 AS T2 on T1.idcase = T2.idcase where T1.activity!= 'Closed' and T2.activity='Closed' group by T1.idcase	How many activities occurred before an activity was closed?
2860	24	Quais atividades o Tomas efetuou no primeiro semestre de 2012?	select idcase, activity from log5_excerpt24 where resource = 'Tomas' and startdatetime between '2012-01-01' and '2012-06-30'	What activities did Tomas carry out in the first half of 2012?
2861	21	Quais problemas ainda estão em progresso, ordenados em ordem crescente pela data de início?	SELECT idevent, activity FROM log5_excerpt21 WHERE activity='In Progress' ORDER BY startDateTime ASC;	Which problems are still in progress, sorted in ascending order?
2862	3	Quais são os incidentes estão ativos e expiraram no final do mês de março de 2016?	SELECT T1.idcase FROM log1_excerpt3 AS T1 WHERE T1.enddatetime <= '2016-03-31' AND T1.activity = 'Active' GROUP BY T1.idcase	Which and how many are the active incidents that expire by the end of March 2016?
2863	21	De quando é o problema mais antigo?	SELECT MIN(startdatetime) FROM log5_excerpt21;	When is the oldest problem?
2864	24	Quais são os recursos em ordem alfabética?	select distinct resource from log5_excerpt24 order by resource	What are the resources in alphabetical order?
2865	18	Quantos incidentes existem por atividade?	SELECT activity, count(*) FROM log4_excerpt16 GROUP BY activity;	How many incidents are there per activity?
2866	18	Quais são os recursos que possuem mais do que 4 incidentes?	SELECT resource FROM log4_excerpt17 GROUP BY resource HAVING COUNT(*) > 4;	Which resources have more than 4 incidents?
2867	3	Quantos incidentes separados por atividade estão expiram no dia 2 de março de 2016?	SELECT T2.activity, COUNT(*) FROM (SELECT T1.idcase,T1.activity, enddatetime FROM log1_excerpt3 AS T1 WHERE T1.enddatetime = '2016-03-02' GROUP BY T1.idcase, T1.activity, T1.enddatetime) AS T2 GROUP BY T2.activity	How many incidents, separeted by activity, expire at March 02nd 2016 ?
2868	14	Quais são as requisições que tiveram origem do subprocesso 'O'?	SELECT * FROM log3_excerpt12 WHERE activity LIKE 'O%';	What are the requests that originated from the subprocess 'O'?
2869	24	Quais casos registrados estão esperando atribuição ?	SELECT T1.idcase FROM log5_excerpt24 AS T1 WHERE T1.idcase NOT IN (SELECT idcase FROM log5_excerpt24 WHERE activity IN ('In Progress', 'Closed') GROUP BY idcase, activity)	Which registered cases are awaiting assigment ?
2870	29	Quais as atividades que ainda estão 'In Progress' ou 'Assigned'? Ordenadas pela data de início mais antiga e pelo nome do recurso.	SELECT * FROM log6_excerpt29 WHERE activity = 'In Progress' OR activity = 'Assigned' ORDER BY startdatetime, resource;	What activities are still 'In Progress' or 'Assigned'? Ordered by earliest start date and resource name.
2871	29	Qual a quantidade de atividades ainda 'In Progress' por nome do recurso? Ordenada por nome do recurso.	SELECT COUNT(*), resource FROM log6_excerpt29 WHERE activity LIKE 'In Progress' GROUP BY resource ORDER BY resource;	What is the amount of activities that are 'In Progress' by resource name? Ordered by resource name.
2872	14	Quantos eventos de 'SCHEDULE' ou 'START' foram executados por subprocesso?	SELECT COUNT(*), SUBSTRING(activity, 1,1) FROM log3_excerpt14 WHERE activity LIKE '%SCHEDULE' OR activity LIKE '%START' GROUP BY SUBSTRING(activity, 1, 1);	How many events 'SCHEDULE' or 'START' were executed by subprocess?
2873	14	Quantos eventos de cada subprocesso cada recurso executou por idcase?	SELECT SUBSTRING(activity, 1, 1) AS sub_process, COUNT(SUBSTRING(activity, 1, 1)), resource, idcase FROM log3_excerpt14 GROUP BY SUBSTRING(activity, 1, 1), resource, idcase ORDER BY idcase, resource DESC;	How many events of each subprocess each resource executed by idcase?
2874	20	Quantas pessoas foram responsáveis por algum incidente?	select count (resource) from log1_excerpt1 where resource is not null	How many people were responsible for some incident?
2875	20	Quantas atividades de cada tipo os operadores atenderam?	SELECT resource, activity, COUNT (acitivity) FROM log1_excerpt1 WHERE resource IS NOT NULL GROUP BY resource, activity	How many activities of each type do operators handle?
2876	20	Quantas atividades de cada tipo os operadores atenderam?	SELECT resource, activity, COUNT (acitivity) FROM log1_excerpt1 WHERE resource IS NOT NULL GROUP BY resource, activity	How many activities of each type do operators handle?
2877	20	Quantas atividades de cada tipo os operadores atenderam?	SELECT resource, activity, COUNT (acitivity) FROM log1_excerpt1 WHERE resource IS NOT NULL GROUP BY resource, activity	How many activities of each type do operators handle?
2878	20	Quantas atividades de cada tipo os operadores atenderam?	SELECT resource, activity, COUNT (acitivity) FROM log1_excerpt1 WHERE resource IS NOT NULL GROUP BY resource, activity	How many activities of each type do operators handle?
2879	1	Quantas atividades de finalização (resolved, closed) cada pessoa foi responsável?	SELECT resource, activity, COUNT (activity) FROM log1_excerpt1 WHERE activity LIKE "%ed" GROUP BY resource, activity	How many completion activities (resolved, closed) was each person responsible?
2880	1	Quantos incidentes novo cada pessoa foi responsável?	SELECT resource, COUNT (activity) FROM log1_excerpt1 WHERE activity IN ("New") GROUP BY resource, activity	How many new incidents was each person responsible?
2881	38	Qual é a data de início e fim de cada declaração diferente?	Select T1.idcase, T2.min AS starttime, T1.max AS endtime FROM (SELECT idcase, MAX(enddatetime) FROM log8_excerpt38 GROUP BY idcase) AS T1 Join(SELECT idcase, MIN(enddatetime) FROM log8_excerpt38 GROUP BY idcase) AS T2 ON T1.idcase = T2.idcase	Which is the start and end date of each different declaration?
2882	35	Quais atividades envolvem registro?	SELECT activity FROM log1_excerpt1 WHERE activity LIKE '%register%';	What activities involve resgistration?
2883	35	Em média, quanto cada atividade custaria?	Select costevent/COUNT * FROM log7_excerpt35 where idcase = 7273165	On average, how much each activity would cost?
2884	33	Quantos pedidos de autorização não tem custo nenhum?	SELECT COUNT() FROM log7_excerpt33 WHERE costevent is null;	How many authorization requests doesn't have any cost?
2885	33	Quais atividades envolvem registro e tomada de decisão?	SELECT activities FROM log7_excerpt33 WHERE activities LIKE '%resgist%' UNION SELECT activities FROM log7_excerpt33 WHERE activities LIKE '%decision%'	What activities involve recording and decision making?
2886	8	Qual é quantidade de atividades que são classificadas sendo como "Petição Juntada"?	SELECT COUNT (activity) FROM public.log2_excerpt8 WHERE activity == 'Petição Juntada';	How many activities are classified as "Joined Petition"?
2887	8	Qual a média de custo de evento deste log de eventos?	SELECT AVG (costevent) FROM public.log2_excerpt8	What is the average event cost of this event log?
2888	5	Quantos casos foram abertos/fechados por dia?	SELECT DATE, 'New Cases' AS DESCRIPTION, COUNT(DATE) FROM (SELECT IDCASE, MIN(ENDDATETIME) AS DATE FROM Log1_excerpt5 WHERE ACTIVITY <> 'Closed' GROUP BY IDCASE ORDER BY IDCASE, MIN(ENDDATETIME) ) NEW_CASES GROUP BY DATE UNION SELECT ENDDATETIME AS DATE, 'Closed Cases' AS DESCRIPTION, COUNT(ENDDATETIME) FROM Log1_excerpt5 WHERE ACTIVITY = 'Closed' GROUP BY ENDDATETIME ORDER BY DATE, DESCRIPTION DESC	How many cases were open/closed per day?
2889	32	Quero agrupar as atividades pelo seu prazo final	SELECT COUNT (activity), enddatetime FROM public.log7_excerpt32 GROUP BY enddatetime;	I want to group activities by their deadline
2890	32	Quero pegar as tuplas em comum que estao localizados nas tabelas de eventos de atividades	SELECT activity , costevent FROM public.log7_excerpt32 INTERSECT SELECT activity, costevent FROM public.log7_excerpt33;	I want to get the common tuples that are located in the activity event tables
2891	3	Quais são os Ids dos eventos finalizados, em ordem de termino?	select idevent from public.log1_excerpt3 WHERE activity='Resolved' ORDER BY enddatetime;	What are the resolved event IDs, in end-time order?
2892	3	Quais atividades possuem ao menos 7 eventos?	select activity from public.log1_excerpt3 group by activity having COUNT(idevent) > 6;	Which activities have at least 7 events?
2893	30	Retorne o nome dos recursos que têm mais atividades pendentes do que sendo realizadas	SELECT t1.resource FROM log6_excerpt30 t1 LEFT JOIN (SELECT resource, COUNT(*) AS pending FROM log6_excerpt30 WHERE activity = 'In Progress' GROUP BY resource) t2 ON t1.resource=t2.resource WHERE NOT(t1.activity = 'In Progress') GROUP BY t1.resource, t2.resource, t2.pending HAVING t2.pending > COUNT(t1.activity) ORDER BY t2.pending DESC	Return the name of resources that have more activities pending than being done
2894	5	Em quantos casos diferentes cada recurso foi utilizado?	SELECT resource, COUNT(DISTINCT idcase) from Log1_excerpt5 GROUP BY resource ORDER BY Count desc	In how many different cases was each resource used?
2895	29	Quantos eventos estão vinculados ao Peter?	select Count(*) from public.log6_excerpt29 Where resource = 'Peter';	How many events are tied to Peter?
2896	29	Quais pessoas estão trabalhando em mais de três problemas?	select Resource from public.log6_excerpt29 group by Resource having count(*) > 3;	Which people are working on more than three events?
2897	30	Informar quais são os id's dos casos dos problemas que estão em espera ou aguardando algo para seguir, também ordenar mediante a maior quantidade de incidentes para um caso.	SELECT idcase FROM log6_excerpt30 WHERE activity IN ('Wait', 'Awaiting Assignment') GROUP BY idcase ORDER BY COUNT(*) DESC	Inform what are the case ids of the problems that are on hold or waiting for something to proceed, also sort by the highest number of incidents for a case.
2898	19	Extraia as datas em que os incidentes foram tratados como finalizados do mais antigo ao mais novo	SELECT startdatetime FROM log4_excerpt19 WHERE activity='Closed' OR activity='Resolved' ORDER BY startdatetime	Extract the dates when incidents were treated as closed from oldest to newest
2899	29	Quantas atividades foram atribuídas para cada recurso, em ordem alfabética do recurso?	SELECT resource, COUNT(activity) FROM log8_excerpt36 WHERE activity = assigned GROUP BY resource	How many activities have been assigned to each resource, in alphabetical order of the resource?
3000	15	Encontrar todos eventos do subprocesso A.	SELECT activity FROM log3_excerpt11 WHERE activity LIKE 'A_%'	Find all events of the A subprocess.
3001	32	Selecione os eventos feitos baseando-se no custo do dito evento. Também exiba o id, a atividade realizada, recurso e custo	SELECT idevent, activity, resource, costevent FROM log2_excerpt6 WHERE costevent BETWEEN 3500000 AND 4000000;	Select the events done based on the cost of said event. Also show the id, the activity done, resource used and cost
3002	37	Quantas etapas foram necessárias para a aprovação de um pedido com relação ao custo total desse pedido?	SELECT idcase, min(costevent), count(idcase) from Log8_excerpt37 where activity like '%Declaration%' group by idcase, costevent having min(costevent) <> 0	How many steps did it take to approve an order relative to the total cost of that order?
3003	29	Quais recursos conseguiram atingir o estado "closed" em alguma atividade?	SELECT DISTINCT resource FROM log6excerpt29 HAVING activity = closed;	Which resources mananged to reach "closed" status on some activity?
3004	32	Selecione as atividades que terminaram no conjunto de datas especificadas usando a coluna enddatetime como referência	SELECT activity, enddatetime FROM log2_excerpt6 where DATE(enddatetime) IN('2020-03-17')	Select the activities that ended on the specified dates using the enddatetime column as a reference
3005	15	Encontrar o id do evento, a atividade e a data de término do evento para todos eventos parcialmente submetidos do supbprocesso A, ou criados do subprocesso O, ordenando pela data de término.	SELECT idevent, activity, enddatetime FROM log3_excerpt12 WHERE activity LIKE 'A_PARTLYSUBMITTED-COMPLETE' OR activity LIKE 'O_CREATED-COMPLETE' ORDER BY enddatetime	Find the event id, activity type and end date for all events that are of the A subprocess and are Partly submitted, or are from the O subprocess and are set as created. Order the results by end date.
3006	33	Selecione todas as linhas de uma dada coluna se qualquer evento possuir um custo acima de uma dado limite	SELECT activity, resource, costevent FROM log2_excerpt6 WHERE costevent = ANY (SELECT costevent FROM log2_excerpt6 WHERE costevent > 10)	Select all the rows on the table if any event has a cost above a certain threshold
3007	33	Selecione todas as linhas onde o custo do evento não é nulo	SELECT * FROM log2_excerpt6 WHERE costevent IS NOT NULL	Select all rows where the cost of the event is not null
3008	37	Quanto tempo se passou desde o pedido de reembolso até a aprovação dele?(no caso de pedidos que foram aprovados)	SELECT end_trip.idcase, (max(payment.enddatetime) - min(end_trip.enddatetime)) as delay from Log8_excerpt37 end_trip join Log8_excerpt37 payment on end_trip.idcase = payment.idcase where end_trip.activity LIKE '%Declaration SUBMITTED%' and payment.activity LIKE '%Handled%' and payment.costevent <> 0 group by end_trip.idcase	How long has it been from the refund request to its approval? (For the cases that have been approved)
3009	7	Conte todas as atividades que tem o valor 'Decisão'	SELECT resource, count(*) FROM log2_excerpt6 WHERE activity='Decisão' GROUP BY resource	Count all the activities that have the value 'Decisão'
3010	19	A quantidade de pessoas trabalharam nas últimas fases dos incidente comparado à quantidade que começou (o resultado deve mostrar primeiro a contagem sumarizada das fases finais, e então das fases iniciais).	SELECT SUM(early.ct) AS sum_column FROM (SELECT COUNT(resource) AS ct FROM log4_excerpt19 WHERE activity IN ('In Progress','Awaiting Assignment') GROUP BY activity) early UNION SELECT SUM(later.ct) AS sum_column FROM (SELECT COUNT(resource) AS ct FROM log4_excerpt19 WHERE activity IN ('Resolved','Closed') GROUP BY activity) later;	How many people worked, respectively, in the early and late stages of incidents?
3011	7	Conte as ocorrências de cada idgroup agrupando por dado conjuntos de valores para idgroup	SELECT idgroup, count(*) FROM log2_excerpt6 WHERE idgroup LIKE (7, 6, 8) GROUP BY idgroup	Count the occurrences of each idgroup grouping by a given set of idgroup values
3012	4	Quando foram adicionadas novas atividades por recursos terminados em '5'?	SELECT enddatetime FROM log1excerpt4 WHERE resource LIKE '%5' AND activity = 'new'	When were new activities added by resources ending in '5'?
3013	20	Selecione a soma do costevent, agrupando por activity e resource	select activity, resource, Sum(costevent) from log4_excerpt20 group by activity, resource	Select the sum of the costevent, grouping by activity and resource
3014	20	Selecione o numero de ocorrências dado um conjunto de activities	select activity, count(activity) from log4_excerpt20 where activity in ('Resolved', 'In Call') group by activity	Select the number of occurrences of a given set of activities
3015	22	Agrupe as atividades que tem o seu número de ocorrências maior do que um dado valor	select activity, count(activity) from log5_excerpt21 group by activity having count(activity) > 3	Group the number of occurrences of all activities that occurred more than a certain threshold
3016	4	Qual atividade e seu recurso foi a última até agora no log?	SELECT resource, activity FROM log1excerpt4 WHERE enddatetime = MAX(enddatetime)	Which activity and its resource was the last one on the log so far?
3017	18	Encontrar os eventos em aberto, assim como o responsável pelo evento, que tenham começado antes ou depois dos eventos que já estão concluídos, e que estejam em progresso.	SELECT T1.idevent, T2.idevent AS T2event, T1.activity, T1.resource FROM log4_excerpt16 AS T1 INNER JOIN log5_excerpt22 AS T2 ON T1.startdatetime <= T2.startdatetime WHERE T1.startdatetime <= T2.startdatetime AND T2.activity LIKE 'Closed' ORDER BY T1.idevent	Find in resource, event id and activity of in progress events that have start date previous to the events that are already closed.
3018	18	Encontrar o número de eventos de cada recurso que não esteja fechado.	SELECT COUNT(idevent), resource FROM log4_excerpt16 WHERE activity not LIKE 'Closed' GROUP BY resource	Find the number of events per resouce that are not closed.